{
  "description"     : "========  CWASA client configuration data. Server version  ========",

  "avSettings" : [
    {
      "width":            374,
      "height":           403,
      "avList":           "avsfull",
      "initAv":           "marc",
      "initSiGMLURL":     "scotland-H.sigml"
    },
    {
      "width":            228,
      "height":           208,
      "background":       "Salmon",
      "avList":           "avs",
      "initAv":           "francoise",
      "allowFrameSteps":  false,
      "allowSiGMLText":   false,
      "initSiGMLURL":     "welkom-ngt.sigml"
    }
  ]
}
